Electoral District,GUID,Speakers2006,Speakers2011,Speakers2016,Speakers2022,Speakers2027,RMSE
BALLYBAAN,2ae19629-235a-13a3-e055-000000000001,0.020414776409591703,0.016112175579167394,0.017683970336565887,0.012842202399261765,0.013786896419069355,0.0179386148545973
BALLYBRIT,2ae19629-235b-13a3-e055-000000000001,0.036127167630057806,0.03005780346820809,0.0273224043715847,0.023026315789473683,0.021697519511987673,0.0179386148545973
BARNA,2ae19629-235c-13a3-e055-000000000001,0.05003318951211417,0.05050132704217045,0.048198603139478595,0.04403417950477141,0.03763234392016018,0.0179386148545973
CASTLEGAR,2ae19629-235d-13a3-e055-000000000001,0.026026604973973393,0.023261758691206544,0.026194144838212634,0.021469465648854963,0.01918684676026705,0.0179386148545973
CLADDAGH,2ae19629-235e-13a3-e055-000000000001,0.038506417736289385,0.044676409185803755,0.03410427283418267,0.028315946348733235,0.029377605840894355,0.0179386148545973
DANGAN,2ae19629-235f-13a3-e055-000000000001,0.03533138401559454,0.026875699888017916,0.023874658045262374,0.019685910196859103,0.01945786743712076,0.0179386148545973
EYRE SQUARE,2ae19629-2360-13a3-e055-000000000001,0.030927835051546393,0.02667872484738865,0.019882179675994108,0.015667574931880108,0.017853890259364208,0.0179386148545973
KNOCKNACARRAGH,2ae19629-2361-13a3-e055-000000000001,0.041696621135873475,0.037162162162162164,0.044735030970406056,0.029288702928870293,0.02920820010492703,0.0179386148545973
LOUGH ATALIA,2ae19629-236f-13a3-e055-000000000001,0.051188299817184646,0.050505050505050504,0.053591790193842644,0.046189376443418015,0.039299813630546576,0.0179386148545973
MENLOUGH,2ae19629-2370-13a3-e055-000000000001,0.03379580220562078,0.032552353307070285,0.028629032258064516,0.03018796278716537,0.024125722002584254,0.0179386148545973
MERVUE,2ae19629-2371-13a3-e055-000000000001,0.01497584541062802,0.02457142857142857,0.02286670384829894,0.026126126126126126,0.01991400507585768,0.0179386148545973
MURROOGH,2ae19629-2372-13a3-e055-000000000001,0.02157962883038412,0.022090059473237042,0.022602989427633977,0.016352648418059012,0.017146777172720132,0.0179386148545973
NEWCASTLE,2ae19629-2373-13a3-e055-000000000001,0.027593254982115484,0.027374301675977653,0.016198704103671708,0.015159171298635674,0.017283127430159126,0.0179386148545973
NUNS ISLAND,2ae19629-2374-13a3-e055-000000000001,0.04084720121028744,0.03385826771653543,0.035515320334261836,0.020759193357058125,0.024289553661008684,0.0179386148545973
RAHOON,2ae19629-2375-13a3-e055-000000000001,0.04316546762589928,0.0350385423966363,0.028513238289205704,0.02449955183746639,0.023811559644384694,0.0179386148545973
RENMORE,2ae19629-2376-13a3-e055-000000000001,0.02463768115942029,0.04038179148311307,0.034294621979735,0.026836158192090395,0.02751396850499796,0.0179386148545973
ROCKBARTON,2ae19629-2377-13a3-e055-000000000001,0.038829487900956666,0.03782631859350027,0.029611650485436892,0.04028697571743929,0.02806289738003484,0.0179386148545973
St. NICHOLAS,2ae19629-2384-13a3-e055-000000000001,0.03671461014383043,0.027483313702394974,0.027095681625740897,0.023577491354919836,0.021015667350088307,0.0179386148545973
SALTHILL,2ae19629-2382-13a3-e055-000000000001,0.032297754537065515,0.03510859863135971,0.03227649243073408,0.031054131054131053,0.025947467242113498,0.0179386148545973
SHANTALLA,2ae19629-2383-13a3-e055-000000000001,0.03526170798898071,0.042196531791907514,0.026143790849673203,0.020971867007672635,0.02527903483172661,0.0179386148545973
TAYLORS HILL,2ae19629-2385-13a3-e055-000000000001,0.039297977871041584,0.03934010152284264,0.03818118708781673,0.03288391976323578,0.029056694554357,0.0179386148545973
WELLPARK,2ae19629-2386-13a3-e055-000000000001,0.016254876462938883,0.0221606648199446,0.017188459177409455,0.014476614699331848,0.015799160606431023,0.0179386148545973
BALLINASLOE URBAN,2ae19629-205d-13a3-e055-000000000001,0.01745894554883319,0.01568883804543226,0.010302742114439689,0.009280411193603655,0.011592968231875736,0.0179386148545973
ABBEYGORMACAN,2ae19629-2101-13a3-e055-000000000001,0.012437810945273632,0.007462686567164179,0.0,0.0,0.005502110148029815,0.0179386148545973
AHASCRAGH,2ae19629-2047-13a3-e055-000000000001,0.01658374792703151,0.01800327332242226,0.010238907849829351,0.016722408026755852,0.013776202913238708,0.0179386148545973
AUGHRIM,2ae19629-2052-13a3-e055-000000000001,0.0162748643761302,0.010380622837370242,0.007194244604316547,0.014184397163120567,0.010474788299209906,0.0179386148545973
BALLINASLOE RURAL,2ae19629-205c-13a3-e055-000000000001,0.03963963963963964,0.023931623931623933,0.03063063063063063,0.00922509225092251,0.01769292136723774,0.0179386148545973
BALLYMACWARD,2ae19629-2076-13a3-e055-000000000001,0.022727272727272728,0.026578073089700997,0.02356902356902357,0.0033112582781456954,0.015975307579330383,0.0179386148545973
CLONFERT,2ae19629-2105-13a3-e055-000000000001,0.004694835680751174,0.0,0.007317073170731708,0.0,0.00456782451507029,0.0179386148545973
CLONTUSKERT,2ae19629-2048-13a3-e055-000000000001,0.01809954751131222,0.019230769230769232,0.014492753623188406,0.0,0.011498763342244783,0.0179386148545973
KELLYSGROVE,2ae19629-237b-13a3-e055-000000000001,0.03880597014925373,0.013404825737265416,0.02865329512893983,0.008064516129032258,0.014017322295528253,0.0179386148545973
KILCONNELL,2ae19629-2398-13a3-e055-000000000001,0.0121580547112462,0.012326656394453005,0.01386748844375963,0.009419152276295133,0.011286775161861343,0.0179386148545973
KILLAAN,2ae19629-23a6-13a3-e055-000000000001,0.027833001988071572,0.00816326530612245,0.013916500994035786,0.007220216606498195,0.009629455038779197,0.0179386148545973
KILLALLAGHTAN,2ae19629-23a7-13a3-e055-000000000001,0.004819277108433735,0.002369668246445498,0.00909090909090909,0.016260162601626018,0.0089003360460128,0.0179386148545973
KILLORAN,2ae19629-22f7-13a3-e055-000000000001,0.010830324909747292,0.003676470588235294,0.0,0.0036363636363636364,0.005125450961712116,0.0179386148545973
KILLURE,2ae19629-2306-13a3-e055-000000000001,0.007863695937090432,0.003896103896103896,0.004273504273504274,0.004160887656033287,0.006002031835590463,0.0179386148545973
KILMACSHANE,2ae19629-2316-13a3-e055-000000000001,0.0,0.0,0.0,0.01327433628318584,0.005943393058636948,0.0179386148545973
KILTORMER,2ae19629-233d-13a3-e055-000000000001,0.012433392539964476,0.005758157389635317,0.0021141649048625794,0.004008016032064128,0.006122405940752654,0.0179386148545973
KYLEMORE,2ae19629-234d-13a3-e055-000000000001,0.011976047904191617,0.006329113924050633,0.0,0.0,0.005186187782302051,0.0179386148545973
LAURENCETOWN,2ae19629-2358-13a3-e055-000000000001,0.0027624309392265192,0.008746355685131196,0.0029498525073746312,0.008064516129032258,0.00797592279125596,0.0179386148545973
LISMANNY,2ae19629-2380-13a3-e055-000000000001,0.043668122270742356,0.02654867256637168,0.0326530612244898,0.031496062992125984,0.02336904120156097,0.0179386148545973
OATFIELD,2ae19629-22de-13a3-e055-000000000001,0.007575757575757576,0.007211538461538462,0.016908212560386472,0.006896551724137931,0.009829660315138489,0.0179386148545973
BALLYNAKILL,2ae19629-208c-13a3-e055-000000000001,0.029296875,0.029513888888888888,0.016317016317016316,0.017786561264822136,0.018466361817125077,0.0179386148545973
BENCORR,2ae19629-20a6-13a3-e055-000000000001,0.00819672131147541,0.02880658436213992,0.013452914798206279,0.04205607476635514,0.022688281886081324,0.0179386148545973
BUNOWEN,2ae19629-20b1-13a3-e055-000000000001,0.014285714285714285,0.002257336343115124,0.007389162561576354,0.005063291139240506,0.0062739259184562135,0.0179386148545973
CLEGGAN,2ae19629-20f4-13a3-e055-000000000001,0.014184397163120567,0.0,0.007462686567164179,0.010135135135135136,0.006661554174022338,0.0179386148545973
CLIFDEN,2ae19629-20f5-13a3-e055-000000000001,0.02132936507936508,0.01759296281487405,0.01766109785202864,0.01242544731610338,0.014130838614490937,0.0179386148545973
Crump Island,2ae19629-2300-13a3-e055-000000000001,0.005813953488372093,0.012145748987854251,0.01904761904761905,0.01509433962264151,0.013334359846777222,0.0179386148545973
DOONLOUGHAN,2ae19629-2314-13a3-e055-000000000001,0.06,0.0,0.0,0.0,0.0034222879069883555,0.0179386148545973
ERRISLANNAN,2ae19629-232c-13a3-e055-000000000001,0.008928571428571428,0.009009009009009009,0.0047169811320754715,0.0,0.006729532723933854,0.0179386148545973
ILLION,2ae19629-2367-13a3-e055-000000000001,0.2127659574468085,0.2631578947368421,0.16304347826086957,0.11764705882352941,0.1581647310245382,0.0179386148545973
INISHBOFIN,2ae19629-2368-13a3-e055-000000000001,0.025906735751295335,0.006329113924050633,0.017857142857142856,0.016483516483516484,0.011699714755723165,0.0179386148545973
KNOCKBOY,2ae19629-234c-13a3-e055-000000000001,0.6216216216216216,0.5765432098765432,0.5879332477535302,0.5164705882352941,0.5454755489927073,0.0179386148545973
MOYRUS,2ae19629-22dd-13a3-e055-000000000001,0.0784313725490196,0.1,0.07894736842105263,0.08256880733944955,0.07063687718052751,0.0179386148545973
OWENGOWLA,2ae19629-22e1-13a3-e055-000000000001,0.5775577557755776,0.6193771626297578,0.5914396887159533,0.5050847457627119,0.5625983924407892,0.0179386148545973
RINVYLE,2ae19629-22fa-13a3-e055-000000000001,0.021207177814029365,0.01557632398753894,0.01936026936026936,0.014778325123152709,0.01433021147758419,0.0179386148545973
ROUNDSTONE,2ae19629-22fc-13a3-e055-000000000001,0.06036745406824147,0.04081632653061224,0.019464720194647202,0.013921113689095127,0.021968486924757336,0.0179386148545973
SILLERNA,2ae19629-230b-13a3-e055-000000000001,0.013856812933025405,0.011547344110854504,0.015706806282722512,0.0066518847006651885,0.010829224234919513,0.0179386148545973
SKANNIVE,2ae19629-230c-13a3-e055-000000000001,0.6828046744574291,0.6539634146341463,0.6677740863787376,0.6190476190476191,0.634252432763122,0.0179386148545973
ANNAGHDOWN,2ae19629-204f-13a3-e055-000000000001,0.04599129894344313,0.0389321468298109,0.03147432357813363,0.027253668763102725,0.026329459768512156,0.0179386148545973
AUGHRIM,2ae19629-2051-13a3-e055-000000000001,0.023715415019762844,0.01141352063213345,0.01694915254237288,0.010317460317460317,0.011763883043370907,0.0179386148545973
BALLINTEMPLE,2ae19629-2069-13a3-e055-000000000001,0.035258814703675916,0.019971469329529243,0.028792134831460675,0.018867924528301886,0.01816677562147169,0.0179386148545973
BALLYNACOURTY,2ae19629-207f-13a3-e055-000000000001,0.04114832535885168,0.019555555555555555,0.007036059806508356,0.015113350125944584,0.013319008214401407,0.0179386148545973
BARNA,2ae19629-2098-13a3-e055-000000000001,0.10155979202772963,0.07250144425187753,0.06385945343000558,0.06928590390230953,0.054105849337729967,0.0179386148545973
BELLEVILLE,2ae19629-20a5-13a3-e055-000000000001,0.010395010395010396,0.005545286506469501,0.008561643835616438,0.010903426791277258,0.00864022446918579,0.0179386148545973
CARNMORE,2ae19629-20cb-13a3-e055-000000000001,0.04188991719434973,0.023067583974099554,0.023002421307506054,0.0186219739292365,0.017968264356525057,0.0179386148545973
CARROWBROWNE,2ae19629-20cc-13a3-e055-000000000001,0.054827175208581644,0.05710955710955711,0.04584221748400853,0.04048582995951417,0.039051591709394845,0.0179386148545973
CLAREGALWAY,2ae19629-20e2-13a3-e055-000000000001,0.03754266211604096,0.03349031920460492,0.027093596059113302,0.022727272727272728,0.02262576860566215,0.0179386148545973
CLARINBRIDGE,2ae19629-20f3-13a3-e055-000000000001,0.035516969218626675,0.022742040285899934,0.027602760276027604,0.024230186774356385,0.01985434350082263,0.0179386148545973
DEERPARK,2ae19629-2301-13a3-e055-000000000001,0.018001800180018002,0.015510204081632653,0.011045655375552283,0.011420413990007138,0.012112442526436007,0.0179386148545973
FURBOGH,2ae19629-2338-13a3-e055-000000000001,0.2521079258010118,0.22991249005568815,0.19236417033773862,0.1829113924050633,0.1634871416314079,0.0179386148545973
GALWAY RURAL,2ae19629-2339-13a3-e055-000000000001,0.08661417322834646,0.07317073170731707,0.0684931506849315,0.04784688995215311,0.052020627115862514,0.0179386148545973
INISHMORE,2ae19629-2369-13a3-e055-000000000001,0.639261744966443,0.6344884488448845,0.573715248525695,0.585812356979405,0.5939451840220545,0.0179386148545973
KILCUMMIN,2ae19629-23a5-13a3-e055-000000000001,0.6446945337620579,0.6884858044164038,0.6124704025256511,0.5757575757575758,0.6214333807819303,0.0179386148545973
KILLANNIN,2ae19629-23a8-13a3-e055-000000000001,0.5949506037321625,0.5997920997920998,0.5573122529644269,0.5475746268656716,0.560163256893113,0.0179386148545973
LACKAGHBEG,2ae19629-234e-13a3-e055-000000000001,0.031678082191780824,0.019054878048780487,0.01790633608815427,0.009560229445506692,0.014018662641175197,0.0179386148545973
LISCANANAUN,2ae19629-237e-13a3-e055-000000000001,0.023455824863174355,0.014042867701404288,0.021665538253215978,0.023195876288659795,0.01601822527282458,0.0179386148545973
LISHEENAVALLA,2ae19629-237f-13a3-e055-000000000001,0.02235294117647059,0.014752370916754479,0.014822134387351778,0.013257575757575758,0.012952947417463348,0.0179386148545973
MOYCULLEN,2ae19629-22d1-13a3-e055-000000000001,0.08462455303933254,0.06954689146469968,0.06125425376762275,0.053997488488907494,0.04984167266939615,0.0179386148545973
ORANMORE,2ae19629-22df-13a3-e055-000000000001,0.02333931777378815,0.0219482120838471,0.017844047910046443,0.023778071334214,0.01775354079551489,0.0179386148545973
SELERNA,2ae19629-2309-13a3-e055-000000000001,0.7145038167938931,0.6451846488052136,0.6,0.5950583390528483,0.6076418629989789,0.0179386148545973
SLIEVEANEENA,2ae19629-2319-13a3-e055-000000000001,0.20454545454545456,0.15089163237311384,0.11788617886178862,0.09021601016518424,0.10064744981293493,0.0179386148545973
SPIDDLE,2ae19629-231a-13a3-e055-000000000001,0.5007716049382716,0.5197699496764917,0.47307968413496054,0.3745064861816131,0.431608307928273,0.0179386148545973
STRADBALLY,2ae19629-2326-13a3-e055-000000000001,0.03873598369011213,0.024390243902439025,0.016101694915254237,0.014821272885789015,0.016323753531807483,0.0179386148545973
TULLOKYNE,2ae19629-2340-13a3-e055-000000000001,0.07929782082324455,0.06768905341089371,0.054408060453400506,0.050090252707581225,0.04681434626410404,0.0179386148545973
BALLINASTACK,2ae19629-205e-13a3-e055-000000000001,0.02258064516129032,0.0,0.0030864197530864196,0.0030581039755351682,0.00446751312117992,0.0179386148545973
BALLYMOE,2ae19629-207e-13a3-e055-000000000001,0.024271844660194174,0.01808785529715762,0.00997506234413965,0.0,0.010342110307984306,0.0179386148545973
BALLYNAKILL,2ae19629-208d-13a3-e055-000000000001,0.01834862385321101,0.007425742574257425,0.0,0.011933174224343675,0.007841767679404588,0.0179386148545973
BOYOUNAGH,2ae19629-20a7-13a3-e055-000000000001,0.026717557251908396,0.008064516129032258,0.0040650406504065045,0.0,0.006334607373430418,0.0179386148545973
CREGGS,2ae19629-22f0-13a3-e055-000000000001,0.018229166666666668,0.011204481792717087,0.005681818181818182,0.0,0.007547309592078999,0.0179386148545973
CURRAGHMORE,2ae19629-22ff-13a3-e055-000000000001,0.005952380952380952,0.0,0.0,0.0,0.0034222879069883555,0.0179386148545973
GLENNAMADDY,2ae19629-233a-13a3-e055-000000000001,0.014492753623188406,0.01555023923444976,0.008717310087173101,0.013437849944008958,0.012111806134184638,0.0179386148545973
ISLAND,2ae19629-236a-13a3-e055-000000000001,0.018115942028985508,0.01079136690647482,0.004081632653061225,0.008064516129032258,0.008780080820763786,0.0179386148545973
KILCROAN,2ae19629-23a3-13a3-e055-000000000001,0.022988505747126436,0.005597014925373134,0.007547169811320755,0.0156794425087108,0.009444832034625872,0.0179386148545973
KILTULLAGH,2ae19629-234a-13a3-e055-000000000001,0.017142857142857144,0.0053475935828877,0.018867924528301886,0.004784688995215311,0.009210465453403566,0.0179386148545973
RAHEEN,2ae19629-22f9-13a3-e055-000000000001,0.002127659574468085,0.0,0.0,0.0,0.0034222879069883416,0.0179386148545973
SCREGG,2ae19629-2308-13a3-e055-000000000001,0.014150943396226415,0.004424778761061947,0.004484304932735426,0.012605042016806723,0.007917355081606472,0.0179386148545973
SHANKILL,2ae19629-230a-13a3-e055-000000000001,0.01730103806228374,0.017793594306049824,0.014134275618374558,0.005917159763313609,0.012220054667311325,0.0179386148545973
TEMPLETOGHER,2ae19629-2328-13a3-e055-000000000001,0.012345679012345678,0.0,0.005420054200542005,0.005063291139240506,0.00525524480170339,0.0179386148545973
TOBERROE,2ae19629-2335-13a3-e055-000000000001,0.003278688524590164,0.022435897435897436,0.020477815699658702,0.01948051948051948,0.01749905870627523,0.0179386148545973
ARDAMULLIVAN,2ae19629-205a-13a3-e055-000000000001,0.018214936247723135,0.012433392539964476,0.01903114186851211,0.00727802037845706,0.011821228577473739,0.0179386148545973
ARDRAHAN,2ae19629-205b-13a3-e055-000000000001,0.03056768558951965,0.019230769230769232,0.010948905109489052,0.01517706576728499,0.013949273595283487,0.0179386148545973
BALLYCAHALAN,2ae19629-2074-13a3-e055-000000000001,0.027472527472527472,0.004761904761904762,0.0,0.0,0.004749412575081491,0.0179386148545973
BEAGH,2ae19629-2099-13a3-e055-000000000001,0.019197207678883072,0.01188707280832095,0.011922503725782414,0.010443864229765013,0.011013159088369001,0.0179386148545973
CAHERMORE,2ae19629-20b2-13a3-e055-000000000001,0.009615384615384616,0.020833333333333332,0.013916500994035786,0.005136986301369863,0.012910364987624531,0.0179386148545973
CAPPARD,2ae19629-20c0-13a3-e055-000000000001,0.03125,0.010309278350515464,0.043010752688172046,0.03389830508474576,0.020994657200009648,0.0179386148545973
CASTLETAYLOR,2ae19629-20e1-13a3-e055-000000000001,0.019867549668874173,0.024074074074074074,0.018456375838926176,0.012102874432677761,0.01610544578593337,0.0179386148545973
DOORUS,2ae19629-231e-13a3-e055-000000000001,0.0234375,0.01859799713876967,0.028205128205128206,0.01995305164319249,0.01787952894935027,0.0179386148545973
DRUMACOO,2ae19629-231f-13a3-e055-000000000001,0.024210526315789474,0.023076923076923078,0.009070294784580499,0.011325782811459028,0.01394672090763742,0.0179386148545973
GORT,2ae19629-2345-13a3-e055-000000000001,0.014947683109118086,0.01624405705229794,0.01659177324576564,0.013416230366492147,0.0137437367464609,0.0179386148545973
KILBEACANTY,2ae19629-237c-13a3-e055-000000000001,0.007272727272727273,0.023178807947019868,0.012861736334405145,0.005847953216374269,0.013549395244524212,0.0179386148545973
KILLEELY,2ae19629-22ce-13a3-e055-000000000001,0.025423728813559324,0.019205298013245033,0.013325257419745608,0.014001077005923533,0.01413453521805244,0.0179386148545973
KILLEENAVARRA,2ae19629-22da-13a3-e055-000000000001,0.011494252873563218,0.014492753623188406,0.020942408376963352,0.022779043280182234,0.015933157713918636,0.0179386148545973
KILLINNY,2ae19629-22f5-13a3-e055-000000000001,0.0078125,0.0024449877750611247,0.009216589861751152,0.008264462809917356,0.007314392790605501,0.0179386148545973
KILTARTAN,2ae19629-2331-13a3-e055-000000000001,0.015723270440251572,0.011299435028248588,0.012610340479192938,0.01820388349514563,0.012549272210987644,0.0179386148545973
KILTHOMAS,2ae19629-233c-13a3-e055-000000000001,0.0,0.0,0.0,0.01020408163265306,0.005326367548005778,0.0179386148545973
KINVARRA,2ae19629-234b-13a3-e055-000000000001,0.013636363636363636,0.01326053042121685,0.019164955509924708,0.02052980132450331,0.014790426466513795,0.0179386148545973
RAHASANE,2ae19629-22f8-13a3-e055-000000000001,0.022641509433962263,0.013114754098360656,0.021341463414634148,0.0169971671388102,0.014423446732890227,0.0179386148545973
SKEHANAGH,2ae19629-2318-13a3-e055-000000000001,0.024193548387096774,0.015184381778741865,0.013245033112582781,0.01568627450980392,0.013287592921345043,0.0179386148545973
AILLE,2ae19629-204d-13a3-e055-000000000001,0.017632241813602016,0.010610079575596816,0.023872679045092837,0.014563106796116505,0.01365516226126301,0.0179386148545973
ATHENRY,2ae19629-2050-13a3-e055-000000000001,0.01887287024901704,0.022132796780684104,0.02256370355961875,0.020238525478857967,0.017944712855474915,0.0179386148545973
BALLYNAGAR,2ae19629-2080-13a3-e055-000000000001,0.010362694300518135,0.005263157894736842,0.0,0.0,0.004889109908564976,0.0179386148545973
BRACKLAGH,2ae19629-20af-13a3-e055-000000000001,0.00975609756097561,0.01366742596810934,0.002232142857142857,0.004140786749482402,0.008484313213547645,0.0179386148545973
BULLAUN,2ae19629-20b0-13a3-e055-000000000001,0.004901960784313725,0.0041841004184100415,0.01384083044982699,0.0061162079510703364,0.00822665005132682,0.0179386148545973
CAPPALUSK,2ae19629-20bf-13a3-e055-000000000001,0.02359882005899705,0.01098901098901099,0.016304347826086956,0.00975609756097561,0.011407845544315412,0.0179386148545973
CASTLEBOY,2ae19629-20d8-13a3-e055-000000000001,0.014767932489451477,0.009615384615384616,0.009671179883945842,0.005415162454873646,0.008913223522908173,0.0179386148545973
CLOONKEEN,2ae19629-2053-13a3-e055-000000000001,0.009009009009009009,0.007444168734491315,0.015590200445434299,0.008639308855291577,0.010013243636082081,0.0179386148545973
COLMANSTOWN,2ae19629-2055-13a3-e055-000000000001,0.0,0.0,0.015748031496062992,0.007692307692307693,0.007671502430840471,0.0179386148545973
CRAUGHWELL,2ae19629-22e7-13a3-e055-000000000001,0.02097902097902098,0.016927083333333332,0.01059446733372572,0.008487269096355467,0.011846467132753905,0.0179386148545973
DERRYLAUR,2ae19629-2310-13a3-e055-000000000001,0.00909090909090909,0.009523809523809525,0.019801980198019802,0.0,0.009626064830148218,0.0179386148545973
DRUMKEARY,2ae19629-2320-13a3-e055-000000000001,0.0054249547920434,0.01092896174863388,0.008896797153024912,0.01,0.010091614802075072,0.0179386148545973
GRAIGABBEY,2ae19629-2347-13a3-e055-000000000001,0.022058823529411766,0.013550135501355014,0.019230769230769232,0.007407407407407408,0.012210589543651756,0.0179386148545973
GRANGE,2ae19629-2348-13a3-e055-000000000001,0.009188361408882083,0.011412268188302425,0.006887052341597796,0.00903225806451613,0.009669749834208582,0.0179386148545973
GREETHILL,2ae19629-2354-13a3-e055-000000000001,0.02384105960264901,0.020713463751438434,0.015772870662460567,0.015165876777251185,0.01525877741050688,0.0179386148545973
KILCHREEST,2ae19629-238b-13a3-e055-000000000001,0.033003300330033,0.03642384105960265,0.033783783783783786,0.023333333333333334,0.025282028352047778,0.0179386148545973
KILCONICKNY,2ae19629-238c-13a3-e055-000000000001,0.014388489208633094,0.009787928221859706,0.013803680981595092,0.01664145234493192,0.012005721431735283,0.0179386148545973
KILCONIERIN,2ae19629-2397-13a3-e055-000000000001,0.018666666666666668,0.0081799591002045,0.016728624535315983,0.005714285714285714,0.009839076880260353,0.0179386148545973
KILLIMOR,2ae19629-22f4-13a3-e055-000000000001,0.0,0.0125,0.006269592476489028,0.00847457627118644,0.009761750309915537,0.0179386148545973
KILLOGILLEEN,2ae19629-22f6-13a3-e055-000000000001,0.028716216216216218,0.0174496644295302,0.018583042973286876,0.023255813953488372,0.0164657767117245,0.0179386148545973
KILMEEN,2ae19629-2323-13a3-e055-000000000001,0.015463917525773196,0.008156606851549755,0.003236245954692557,0.001519756838905775,0.006520653822982295,0.0179386148545973
KILREEKILL,2ae19629-232f-13a3-e055-000000000001,0.01893939393939394,0.022435897435897436,0.03067484662576687,0.01971830985915493,0.019403750927834293,0.0179386148545973
KILTESKILL,2ae19629-233b-13a3-e055-000000000001,0.03355704697986577,0.011363636363636364,0.021212121212121213,0.010471204188481676,0.012556649974645354,0.0179386148545973
KILTULLAGH,2ae19629-2349-13a3-e055-000000000001,0.016611295681063124,0.024096385542168676,0.01692524682651622,0.011292346298619825,0.01566793612613579,0.0179386148545973
LACKALEA,2ae19629-2357-13a3-e055-000000000001,0.027777777777777776,0.031161473087818695,0.03674540682414698,0.031630170316301706,0.025720381088811944,0.0179386148545973
LEITRIM,2ae19629-2359-13a3-e055-000000000001,0.020887728459530026,0.011389521640091117,0.006535947712418301,0.003738317757009346,0.008519400338428004,0.0179386148545973
LOUGHREA RURAL,2ae19629-238d-13a3-e055-000000000001,0.022538552787663108,0.01645123384253819,0.010752688172043012,0.012629161882893225,0.012580894562243441,0.0179386148545973
LOUGHREA URBAN,2ae19629-238e-13a3-e055-000000000001,0.011915673693858845,0.015332913253518168,0.012020606754436176,0.013322368421052631,0.01262599436851275,0.0179386148545973
MOUNTAIN,2ae19629-23ab-13a3-e055-000000000001,0.03278688524590164,0.02040816326530612,0.011111111111111112,0.017241379310344827,0.014744221531917803,0.0179386148545973
MOYODE,2ae19629-22dc-13a3-e055-000000000001,0.0,0.004405286343612335,0.02,0.017543859649122806,0.011743365659663385,0.0179386148545973
RAFORD,2ae19629-22ed-13a3-e055-000000000001,0.008333333333333333,0.007228915662650603,0.006535947712418301,0.016260162601626018,0.009856512120109906,0.0179386148545973
TIAQUIN,2ae19629-2332-13a3-e055-000000000001,0.018018018018018018,0.04071661237785016,0.014727540500736377,0.015625,0.02112895970318232,0.0179386148545973
WOODFORD,2ae19629-2350-13a3-e055-000000000001,0.01639344262295082,0.006237006237006237,0.0022271714922048997,0.004405286343612335,0.006364063069903919,0.0179386148545973
ANNAGH,2ae19629-204e-13a3-e055-000000000001,0.00911854103343465,0.0,0.013966480446927373,0.005405405405405406,0.006880751851372102,0.0179386148545973
BALLYNAKILL,2ae19629-208b-13a3-e055-000000000001,0.02231237322515213,0.005366726296958855,0.005190311418685121,0.004830917874396135,0.0067357204781264834,0.0179386148545973
CALTRA,2ae19629-20bd-13a3-e055-000000000001,0.01812688821752266,0.00847457627118644,0.01971830985915493,0.008152173913043478,0.010966714575765368,0.0179386148545973
CASTLEBLAKENEY,2ae19629-20d7-13a3-e055-000000000001,0.0175054704595186,0.013944223107569721,0.01593625498007968,0.01303538175046555,0.012874061586236885,0.0179386148545973
CASTLEFFRENCH,2ae19629-20e0-13a3-e055-000000000001,0.008869179600886918,0.012121212121212121,0.009900990099009901,0.015841584158415842,0.01181461189698195,0.0179386148545973
CLONBROCK,2ae19629-2104-13a3-e055-000000000001,0.01026694045174538,0.013333333333333334,0.014545454545454545,0.0034423407917383822,0.010485559473956033,0.0179386148545973
CLOONKEEN,2ae19629-204a-13a3-e055-000000000001,0.010869565217391304,0.006896551724137931,0.003484320557491289,0.008955223880597015,0.007713845616996937,0.0179386148545973
COOLOO,2ae19629-22e5-13a3-e055-000000000001,0.008097165991902834,0.009671179883945842,0.011650485436893204,0.008992805755395683,0.0100195585091431,0.0179386148545973
DERRYGLASSAUN,2ae19629-2304-13a3-e055-000000000001,0.017241379310344827,0.017135862913096694,0.012254901960784314,0.011652542372881356,0.01285539354619479,0.0179386148545973
KILLERORAN,2ae19629-22e8-13a3-e055-000000000001,0.011102299762093577,0.010492332526230832,0.009569377990430622,0.0023677979479084454,0.008529628457271052,0.0179386148545973
KILLIAN,2ae19629-22e9-13a3-e055-000000000001,0.03,0.01818181818181818,0.012048192771084338,0.014245014245014245,0.013652469279759036,0.0179386148545973
MOUNT BELLEW,2ae19629-23aa-13a3-e055-000000000001,0.014015843997562462,0.008412787436904094,0.008165487207403375,0.0037017451084082496,0.00793791668069134,0.0179386148545973
MOUNTHAZEL,2ae19629-22d0-13a3-e055-000000000001,0.011682242990654205,0.012711864406779662,0.012,0.007590132827324478,0.010686441698931196,0.0179386148545973
TAGHBOY,2ae19629-2327-13a3-e055-000000000001,0.014778325123152709,0.013636363636363636,0.004761904761904762,0.004545454545454545,0.009018265290350283,0.0179386148545973
CAMUS,2ae19629-20be-13a3-e055-000000000001,0.659217877094972,0.6428571428571429,0.6612377850162866,0.6352201257861635,0.633613276446416,0.0179386148545973
CLOONBUR,2ae19629-2049-13a3-e055-000000000001,0.09304703476482618,0.11671335200746966,0.07543698252069918,0.05155482815057283,0.07125027874132983,0.0179386148545973
CRUMPAUN,2ae19629-22f1-13a3-e055-000000000001,0.6419194205522861,0.6854166666666667,0.6513377926421404,0.5993004275165177,0.6369960446139685,0.0179386148545973
CUR,2ae19629-22f3-13a3-e055-000000000001,0.17088607594936708,0.06666666666666667,0.11585365853658537,0.08053691275167785,0.06635353344766441,0.0179386148545973
GORUMNA,2ae19629-2346-13a3-e055-000000000001,0.6290064102564102,0.648176291793313,0.7226688102893891,0.6310077519379845,0.6453964975518298,0.0179386148545973
KILCUMMIN,2ae19629-23a4-13a3-e055-000000000001,0.3644067796610169,0.31333333333333335,0.3055555555555556,0.22560975609756098,0.23300874409254677,0.0179386148545973
LETTERBRICKAUN,2ae19629-236b-13a3-e055-000000000001,0.019704433497536946,0.037037037037037035,0.04225352112676056,0.01968503937007874,0.0269964148528386,0.0179386148545973
LETTERFORE,2ae19629-236c-13a3-e055-000000000001,0.06028368794326241,0.04697986577181208,0.023529411764705882,0.01838235294117647,0.026081107875302476,0.0179386148545973
LETTERMORE,2ae19629-236d-13a3-e055-000000000001,0.6474056603773585,0.6624857468643102,0.7072570725707257,0.6368909512761021,0.6495268987957954,0.0179386148545973
OUGHTERARD,2ae19629-22e0-13a3-e055-000000000001,0.049107142857142856,0.03711093375897845,0.04306598182536547,0.039338235294117646,0.030644569672623773,0.0179386148545973
TURLOUGH,2ae19629-2341-13a3-e055-000000000001,0.6468401486988847,0.6106870229007634,0.6104868913857678,0.6070763500931099,0.6001293626660338,0.0179386148545973
WORMHOLE,2ae19629-2351-13a3-e055-000000000001,0.0328133405056482,0.03250915750915751,0.03282275711159737,0.019537480063795853,0.02295568442433324,0.0179386148545973
ABBEYVILLE,2ae19629-2102-13a3-e055-000000000001,0.00847457627118644,0.011235955056179775,0.0037593984962406013,0.0037313432835820895,0.007967639495743445,0.0179386148545973
BALLYGLASS,2ae19629-2075-13a3-e055-000000000001,0.006024096385542169,0.0,0.011764705882352941,0.005747126436781609,0.006549656799029094,0.0179386148545973
DERREW,2ae19629-2302-13a3-e055-000000000001,0.02631578947368421,0.012578616352201259,0.006289308176100629,0.016666666666666666,0.011459241558668481,0.0179386148545973
DRUMMIN,2ae19629-2321-13a3-e055-000000000001,0.03428571428571429,0.008620689655172414,0.0110803324099723,0.005319148936170213,0.008859217186789198,0.0179386148545973
EYRECOURT,2ae19629-232d-13a3-e055-000000000001,0.01948051948051948,0.011363636363636364,0.0022988505747126436,0.002183406113537118,0.007423390702460134,0.0179386148545973
KILLIMOR,2ae19629-22ea-13a3-e055-000000000001,0.007407407407407408,0.005943536404160475,0.0,0.002898550724637681,0.0056195977997766655,0.0179386148545973
KILMALINOGE,2ae19629-2317-13a3-e055-000000000001,0.00904977375565611,0.013953488372093023,0.0043859649122807015,0.009389671361502348,0.010030642257920594,0.0179386148545973
KILQUAIN,2ae19629-2325-13a3-e055-000000000001,0.027874564459930314,0.013157894736842105,0.0,0.003401360544217687,0.007778142056223805,0.0179386148545973
MEELICK,2ae19629-239a-13a3-e055-000000000001,0.008130081300813009,0.007633587786259542,0.003816793893129771,0.0035087719298245615,0.006879048150005035,0.0179386148545973
MOAT,2ae19629-239c-13a3-e055-000000000001,0.03289473684210526,0.0,0.0,0.0,0.0034222879069883555,0.0179386148545973
PALLAS,2ae19629-22eb-13a3-e055-000000000001,0.0125,0.007792207792207792,0.0103359173126615,0.002512562814070352,0.0079089418226084,0.0179386148545973
PORTUMNA,2ae19629-22ec-13a3-e055-000000000001,0.0062047569803516025,0.008032128514056224,0.006890215893431328,0.008254230293025175,0.00852299076094705,0.0179386148545973
TIRANASCRAGH,2ae19629-2333-13a3-e055-000000000001,0.006289308176100629,0.011627906976744186,0.011904761904761904,0.0,0.008803933573541839,0.0179386148545973
TYNAGH,2ae19629-234f-13a3-e055-000000000001,0.002570694087403599,0.014388489208633094,0.011494252873563218,0.002197802197802198,0.009984916374581043,0.0179386148545973
ABBEY EAST,2ae19629-20ff-13a3-e055-000000000001,0.006633499170812604,0.01393188854489164,0.0032679738562091504,0.009569377990430622,0.009857467947440662,0.0179386148545973
ABBEY WEST,2ae19629-2100-13a3-e055-000000000001,0.025134649910233394,0.0183206106870229,0.013850415512465374,0.022538552787663108,0.015712727408100147,0.0179386148545973
ADDERGOOLE,2ae19629-2046-13a3-e055-000000000001,0.03333333333333333,0.00931098696461825,0.003787878787878788,0.0035026269702276708,0.0073631471600062864,0.0179386148545973
ANNAGHDOWN,2ae19629-2059-13a3-e055-000000000001,0.02127659574468085,0.015232292460015232,0.01600609756097561,0.007178750897343862,0.012068963774051727,0.0179386148545973
BALLINDERRY,2ae19629-205f-13a3-e055-000000000001,0.013029315960912053,0.01126126126126126,0.008547008547008548,0.014209591474245116,0.010983748544358463,0.0179386148545973
BALLINDUFF,2ae19629-2068-13a3-e055-000000000001,0.01896551724137931,0.021116138763197588,0.024251069900142655,0.011299435028248588,0.016131239284151805,0.0179386148545973
BALLYNAPARK,2ae19629-208e-13a3-e055-000000000001,0.0037220843672456576,0.014989293361884369,0.006756756756756757,0.01216089803554724,0.011330398048485624,0.0179386148545973
BEAGHMORE,2ae19629-20a3-13a3-e055-000000000001,0.011152416356877323,0.015772870662460567,0.025787965616045846,0.020833333333333332,0.016792764268609928,0.0179386148545973
BELCLARE,2ae19629-20a4-13a3-e055-000000000001,0.008438818565400843,0.018396846254927726,0.015089163237311385,0.010362694300518135,0.013477056066579118,0.0179386148545973
CARROWNAGUR,2ae19629-20cd-13a3-e055-000000000001,0.013736263736263736,0.00477326968973747,0.004618937644341801,0.0075,0.007002536188041142,0.0179386148545973
CARROWREVAGH,2ae19629-20d6-13a3-e055-000000000001,0.020887728459530026,0.009237875288683603,0.016587677725118485,0.017094017094017096,0.012443924352359387,0.0179386148545973
CLARETUAM,2ae19629-20f2-13a3-e055-000000000001,0.013888888888888888,0.013052208835341365,0.016617790811339198,0.01276207839562443,0.012681476926743318,0.0179386148545973
CLONBERN,2ae19629-2103-13a3-e055-000000000001,0.005633802816901409,0.0026455026455026454,0.011204481792717087,0.010610079575596816,0.00821332767911745,0.0179386148545973
CLOONKEEN,2ae19629-2054-13a3-e055-000000000001,0.014018691588785047,0.0022471910112359553,0.0044444444444444444,0.002066115702479339,0.005123602162872998,0.0179386148545973
CUMMER,2ae19629-22f2-13a3-e055-000000000001,0.013528748590755355,0.013605442176870748,0.017304189435336976,0.008086253369272238,0.01201452734910205,0.0179386148545973
DONAGHPATRICK,2ae19629-2312-13a3-e055-000000000001,0.011811023622047244,0.00927643784786642,0.0057361376673040155,0.0017825311942959,0.007356847356937257,0.0179386148545973
DOONBALLY,2ae19629-2313-13a3-e055-000000000001,0.033402922755741124,0.025362318840579712,0.01680672268907563,0.011532125205930808,0.016065535464365052,0.0179386148545973
DUNMORE NORTH,2ae19629-2322-13a3-e055-000000000001,0.01717557251908397,0.01559792027729636,0.01098901098901099,0.011965811965811967,0.012239029831157919,0.0179386148545973
DUNMORE SOUTH,2ae19629-232b-13a3-e055-000000000001,0.011042944785276074,0.014193548387096775,0.012422360248447204,0.006936416184971098,0.011063360899661784,0.0179386148545973
FOXHALL,2ae19629-232e-13a3-e055-000000000001,0.02071563088512241,0.008865248226950355,0.006578947368421052,0.003067484662576687,0.007652085746832474,0.0179386148545973
HEADFORD,2ae19629-2355-13a3-e055-000000000001,0.025482625482625483,0.010548523206751054,0.014276002719238613,0.012856344326439352,0.011542129303802079,0.0179386148545973
HILLSBROOK,2ae19629-2356-13a3-e055-000000000001,0.016366612111292964,0.007575757575757576,0.007541478129713424,0.007451564828614009,0.008344343033178547,0.0179386148545973
KILBENNAN,2ae19629-237d-13a3-e055-000000000001,0.017595307917888565,0.022099447513812154,0.02046783625730994,0.029154518950437316,0.019372002490780693,0.0179386148545973
KILCOONA,2ae19629-2399-13a3-e055-000000000001,0.010224948875255624,0.02782608695652174,0.03376205787781351,0.021638330757341576,0.02198562177064789,0.0179386148545973
KILLEANY,2ae19629-22cd-13a3-e055-000000000001,0.017892644135188866,0.02564102564102564,0.020477815699658702,0.008291873963515755,0.016154410379426318,0.0179386148545973
KILLEEN,2ae19629-22cf-13a3-e055-000000000001,0.01468189233278956,0.01892744479495268,0.017804154302670624,0.015492957746478873,0.015172864830811233,0.0179386148545973
KILLERERIN,2ae19629-22db-13a3-e055-000000000001,0.017569546120058566,0.009873060648801129,0.006711409395973154,0.006711409395973154,0.008714206082303194,0.0179386148545973
KILLOWER,2ae19629-2305-13a3-e055-000000000001,0.03170028818443804,0.02457002457002457,0.01750291715285881,0.011210762331838564,0.01589498335255933,0.0179386148545973
KILLURSA,2ae19629-2315-13a3-e055-000000000001,0.01233183856502242,0.016748768472906402,0.01551094890510949,0.013574660633484163,0.013726927029699285,0.0179386148545973
KILMOYLAN,2ae19629-2324-13a3-e055-000000000001,0.018979833926453145,0.015337423312883436,0.02054794520547945,0.0141718334809566,0.014352828276237295,0.0179386148545973
KILSHANVY,2ae19629-2330-13a3-e055-000000000001,0.023936170212765957,0.008021390374331552,0.02168021680216802,0.009900990099009901,0.011547993950185687,0.0179386148545973
LEVALLY,2ae19629-236e-13a3-e055-000000000001,0.0,0.014792899408284023,0.0058309037900874635,0.0,0.008624010117016204,0.0179386148545973
MILLTOWN,2ae19629-239b-13a3-e055-000000000001,0.017142857142857144,0.015,0.011023622047244094,0.01914580265095729,0.013534921031082309,0.0179386148545973
MONIVEA,2ae19629-23a9-13a3-e055-000000000001,0.008183306055646482,0.007836990595611285,0.006369426751592357,0.003989361702127659,0.007501226771206626,0.0179386148545973
MOYNE,2ae19629-22d2-13a3-e055-000000000001,0.03064516129032258,0.017054263565891473,0.017054263565891473,0.014792899408284023,0.014345692841404759,0.0179386148545973
RYEHILL,2ae19629-2307-13a3-e055-000000000001,0.03244274809160305,0.02108433734939759,0.009615384615384616,0.007050528789659225,0.012591134848014773,0.0179386148545973
TOBERADOSH,2ae19629-2334-13a3-e055-000000000001,0.014705882352941176,0.008130081300813009,0.002840909090909091,0.002564102564102564,0.006653942363221477,0.0179386148545973
TUAM RURAL,2ae19629-233e-13a3-e055-000000000001,0.01551094890510949,0.020190254319549603,0.014823857690966167,0.011446740858505564,0.014174417350927546,0.0179386148545973
TUAM URBAN,2ae19629-233f-13a3-e055-000000000001,0.015581717451523546,0.015685019206145966,0.010762331838565023,0.01003167898627244,0.011828744652396556,0.0179386148545973
